Movie_ID,Genre,Duration,IMDb_Rating,Votes,User_Liked
1,Romance,171,4.2,23210,1
2,Thriller,150,4.2,,0
3,Drama,111,5,26755,0
4,Thriller,90,8.8,43701,0
5,Thriller,89,5.6,3214,0
6,Comedy,152,9.2,26602,1
7,Drama,157,7.2,49868,1
8,Drama,156,6.4,48228,0
9,Drama,,7.2,20128,1
10,Thriller,104,6.8,17687,0
11,Romance,81,8.2,42819,1
12,Drama,143,5.6,35433,0
13,Thriller,114,5.9,3274,1
14,Comedy,86,8.9,35498,0
15,Romance,164,9.2,36029,1
16,Comedy,97,8.9,4421,1
17,Romance,146,6.3,30535,1
18,Thriller,121,8.3,46072,0
19,Action,118,6.6,7199,0
20,Romance,120,6.7,,0
21,Comedy,154,5.1,11460,1
22,Thriller,103,7.3,10413,0
23,Romance,139,5,46370,1
24,Action,125,5.8,20562,1
25,Action,98,8.7,5901,1
26,Drama,147,5.1,14230,1
27,Drama,169,4.4,14371,0
28,Comedy,121,4.4,16175,0
29,Romance,111,9.2,37019,1
30,Romance,118,6.8,41779,1
31,Drama,,6.3,19084,0
32,Romance,176,8.5,22659,0
33,Romance,115,8.6,12961,1
34,Action,82,5.8,33534,0
35,Drama,152,7.8,16767,1
36,Thriller,87,8.2,5940,1
37,Drama,176,7.6,3665,0
38,Thriller,149,4.8,43294,0
39,Action,120,8.8,21077,0
40,Comedy,147,7,21218,1
41,Romance,,5.6,22741,1
42,Action,128,6.3,7466,1
43,Romance,139,4.2,26736,1
44,Comedy,81,4.7,,1
45,Comedy,139,8.2,20156,0
46,Action,84,4,7482,0
47,Comedy,123,6.3,16249,1
48,Thriller,106,6.9,48739,0
49,Comedy,111,4.3,46141,0
50,Romance,100,9.4,1092,1
51,Romance,87,5.2,6958,1
52,Romance,151,5.7,2221,1
53,Romance,129,5.7,27260,1
54,Thriller,146,,45256,0
55,Drama,123,4,21006,1
56,Action,137,8,19672,0
57,Romance,82,,,1
58,Comedy,165,5.2,16827,1
59,Romance,149,7.6,32267,0
60,Comedy,81,8.1,45521,1
61,Comedy,166,8.7,15579,0
62,Romance,123,6.3,31476,1
63,Thriller,81,5.7,4923,1
64,Comedy,,5.8,5020,1
65,Comedy,114,7.9,19685,1
66,Romance,177,8.5,38339,0
67,Comedy,166,5,17372,1
68,Comedy,109,6,26719,1
69,Romance,87,9,9633,0
70,Romance,101,8.4,39995,1
71,Action,123,9.4,3820,1
72,Thriller,137,8.1,19367,0
73,Thriller,115,6.2,15796,1
74,Comedy,148,7.2,30068,0
75,Thriller,,7.6,23445,1
76,Comedy,172,4.4,,0
77,Action,110,7,19485,1
78,Romance,126,7.9,18222,1
79,Romance,,4.9,1464,1
80,Romance,159,8.3,,1
81,Thriller,141,7.2,13082,1
82,Action,109,9.2,17408,1
83,Thriller,134,4.2,33019,0
84,Thriller,95,5.5,25261,1
85,Action,91,7.3,35189,1
86,Action,96,5.6,13965,1
87,Action,95,7.9,595,1
88,Action,91,,44855,1
89,Romance,87,,2248,1
90,Drama,163,6.8,33424,1
91,Drama,82,6.8,13493,0
92,Action,95,6,1652,1
93,Drama,109,,35953,1
94,Drama,102,8.6,,1
95,Action,171,7.8,9026,1
96,Drama,84,7.9,30951,0
97,Thriller,163,6.5,23989,1
98,Comedy,144,9.1,40030,1
99,Comedy,109,7.8,8155,0
100,Action,100,,4754,1
101,Romance,163,8.7,,0
102,Action,149,5.5,,1
103,Romance,101,8.4,11568,0
104,Comedy,161,5.1,33022,1
105,Action,151,5.9,40818,1
106,Thriller,111,5.8,48191,1
107,Drama,112,9.4,17480,1
108,Romance,95,8.7,26970,1
109,Drama,155,7.9,37494,0
110,Drama,117,,14359,0
111,Action,177,7.1,14973,1
112,Drama,93,9.2,13116,0
113,Thriller,115,6.7,42237,1
114,Drama,176,6.1,253,1
115,Action,102,4.9,7953,1
116,Thriller,145,8.3,12479,1
117,Comedy,164,8,15892,0
118,Drama,81,6.1,38467,1
119,Action,170,,18200,1
120,Comedy,152,8.6,47653,1
121,Comedy,144,4.1,11149,1
122,Romance,154,7.9,886,0
123,Thriller,,9.3,4468,1
124,Drama,131,6.4,,1
125,Action,141,5.3,47791,1
126,Romance,102,7.9,,0
127,Thriller,105,8.5,27554,1
128,Romance,147,,38862,1
129,Thriller,161,9.3,23700,0
130,Thriller,134,4.3,29338,1
131,Drama,85,6.8,25341,1
132,Thriller,114,8,19910,1
133,Romance,101,8.7,20267,1
134,Thriller,122,5,21911,0
135,Drama,94,8.4,39879,1
136,Drama,165,7,20185,1
137,Romance,139,6.2,46954,1
138,Comedy,91,4.7,9361,1
139,Comedy,128,8.8,,1
140,Thriller,121,4.9,39879,0
141,Action,117,5.7,29179,1
142,Thriller,161,5.6,34080,1
143,Romance,124,8.8,14241,1
144,Romance,114,7.7,9444,1
145,Romance,109,8.4,39572,1
146,Romance,167,5.4,15996,1
147,Romance,109,7.4,23917,0
148,Drama,,7.1,29913,1
149,Comedy,85,8.6,18995,1
150,Romance,146,9,243,1
151,Action,159,,10781,1
152,Action,86,7.7,7467,1
153,Action,131,4.3,3328,1
154,Action,93,7,4682,1
155,Drama,152,5.6,13247,1
156,Action,94,5.7,11497,1
157,Romance,100,5.9,38899,1
158,Thriller,114,7.4,37111,1
159,Action,145,5.8,13747,1
160,Drama,170,,27818,1
161,Drama,81,6.2,44364,1
162,Action,114,4.4,42417,1
163,Thriller,,8.3,,0
164,Action,,5.6,19197,0
165,Drama,99,6.4,37053,1
166,Comedy,161,7.8,45354,1
167,Romance,89,5.8,40196,1
168,Drama,104,4.3,49552,1
169,Action,145,6.1,17207,0
170,Romance,104,9.2,,1
171,Action,133,7.5,5655,1
172,Action,112,,167,1
173,Comedy,115,7.5,28512,1
174,Romance,174,5.1,,0
175,Romance,93,6.3,34405,0
176,Comedy,144,8.1,49649,1
177,Drama,159,4.6,11649,1
178,Action,133,5.5,5780,1
179,Thriller,131,5.5,25839,0
180,Action,82,6.4,21309,0
181,Action,178,9.4,41615,1
182,Drama,120,4.4,22532,1
183,Action,85,6.9,15216,1
184,Comedy,104,5,20145,0
185,Comedy,92,9.3,26427,1
186,Romance,177,4.6,35809,0
187,Thriller,87,6.2,43717,0
188,Action,100,8.1,27005,1
189,Action,177,7.9,7167,0
190,Drama,147,6.3,32659,0
191,Comedy,,5.9,43019,1
192,Thriller,,6.2,18085,1
193,Romance,147,5.5,27469,1
194,Comedy,,5.1,17964,1
195,Romance,139,6.7,22714,0
196,Drama,91,5.5,47994,0
197,Drama,111,5.6,15713,1
198,Action,175,7.6,6547,1
199,Thriller,171,9.3,5599,1
200,Romance,92,7.3,39141,0
201,Comedy,110,4.4,31415,1
202,Drama,157,4.4,1399,0
203,Action,99,9.2,39569,1
204,Action,97,5.6,5094,1
205,Romance,172,4.5,29978,1
206,Drama,139,7.3,15727,1
207,Thriller,142,7.4,7589,1
208,Drama,85,7.6,26211,1
209,Romance,111,,32455,1
210,Romance,172,4.1,8369,0
211,Drama,122,9.3,2931,1
212,Romance,81,5.4,44470,0
213,Drama,139,7.7,11919,1
214,Comedy,102,7.9,24913,1
215,Drama,162,7.4,21737,1
216,Drama,110,5.7,2096,1
217,Romance,84,5.5,44487,0
218,Romance,162,7.3,,1
219,Action,113,8.8,3189,1
220,Action,89,9.2,33391,1
221,Comedy,168,4.6,20759,1
222,Action,81,4.9,45278,1
223,Drama,,9.2,30529,1
224,Romance,129,8.1,15832,0
225,Action,110,8.9,19606,0
226,Action,135,5.1,41035,1
227,Comedy,158,7.2,5290,1
228,Comedy,152,7.9,4675,1
229,Drama,166,,40595,1
230,Romance,162,6.2,48246,1
231,Comedy,88,4.1,34665,1
232,Action,178,7.2,34999,0
233,Romance,100,5.4,23806,0
234,Romance,152,6.5,47768,1
235,Action,107,,22984,1
236,Comedy,141,6.2,17299,1
237,Action,86,8.6,44200,1
238,Romance,159,5,39534,0
239,Thriller,95,7.7,49394,1
240,Thriller,176,9.4,12579,0
241,Drama,83,4.6,34278,1
242,Action,83,,12765,1
243,Action,119,6.4,634,1
244,Drama,96,4.5,26392,1
245,Drama,131,8.1,36232,0
246,Drama,172,9,36210,1
247,Romance,131,6.4,22569,1
248,Action,115,5.4,46333,1
249,Romance,117,6.4,37368,1
250,Drama,129,8,1272,1
251,Action,142,4,28014,1
252,Romance,142,7.2,21001,0
253,Romance,141,7.4,40875,1
254,Drama,178,7.5,34509,0
255,Action,86,5.3,49723,1
256,Drama,106,7.9,19424,1
257,Action,171,4.5,8838,1
258,Thriller,165,5.1,37594,1
259,Comedy,93,8.8,44657,1
260,Comedy,150,8.1,24154,0
261,Comedy,165,,29809,1
262,Drama,84,5.4,43885,1
263,Thriller,134,5.2,20207,1
264,Action,81,5.5,463,0
265,Romance,141,5.4,10458,1
266,Action,170,4.3,36177,1
267,Romance,100,6.5,49797,1
268,Action,158,8,3340,1
269,Thriller,100,7.3,6765,1
270,Romance,89,7.7,45789,1
271,Drama,166,4.4,2036,1
272,Action,137,9.2,46836,0
273,Action,118,8.6,25638,0
274,Romance,84,8.4,44065,1
275,Drama,144,8.5,12098,0
276,Drama,92,9.1,982,1
277,Thriller,164,7,20324,1
278,Drama,169,5.1,39791,0
279,Drama,164,7.4,46576,1
280,Drama,132,8.1,30925,1
281,Comedy,161,8.1,5304,1
282,Thriller,124,6.9,28985,1
283,Action,111,4.4,40156,1
284,Romance,115,6,3303,1
285,Action,160,9.1,2344,1
286,Thriller,178,7.2,32886,1
287,Romance,,7,49893,0
288,Thriller,90,5.5,3183,0
289,Drama,142,6,21684,1
290,Romance,100,8.9,8621,0
291,Drama,131,7.7,33641,0
292,Action,134,,29163,1
293,Action,105,6.5,4832,0
294,Romance,147,7.5,27618,1
295,Romance,113,5.4,39663,1
296,Thriller,131,7.9,39852,1
297,Thriller,161,6.4,29797,1
298,Drama,178,6.4,2667,0
299,Romance,,7.6,16221,1
300,Action,131,9.1,1774,1
301,Thriller,108,4.4,10975,1
302,Thriller,117,8.5,44440,1
303,Action,121,5.6,839,1
304,Thriller,100,6.4,1645,1
305,Drama,,4.1,29240,0
306,Romance,92,5.7,9427,1
307,Action,143,6.8,5227,1
308,Romance,96,4.3,23431,0
309,Thriller,88,6.7,,1
310,Thriller,120,9.1,41933,0
311,Action,80,4.6,10592,1
312,Drama,81,8.2,,1
313,Comedy,139,6.3,23608,0
314,Action,127,7.6,9145,1
315,Comedy,108,5.4,20216,0
316,Comedy,176,4.9,18767,1
317,Drama,89,4.9,9621,0
318,Comedy,137,,8769,1
319,Comedy,139,5,27402,1
320,Drama,100,7.7,11383,1
321,Comedy,107,8.8,31035,1
322,Comedy,154,8.5,7098,1
323,Comedy,113,7.8,28906,1
324,Action,,,31724,1
325,Action,138,5.6,13540,1
326,Action,165,5.7,45565,1
327,Drama,151,5.4,46601,0
328,Thriller,128,6.8,21897,1
329,Comedy,158,6.9,1369,0
330,Comedy,96,6,7968,1
331,Drama,139,5.9,30351,1
332,Comedy,166,8.6,12473,1
333,Action,167,8.3,19087,0
334,Thriller,124,5.7,38829,0
335,Romance,162,9,15834,1
336,Comedy,148,9.2,42529,1
337,Action,111,5.8,41437,1
338,Romance,,5.9,40425,1
339,Thriller,144,6.8,18164,1
340,Romance,,9.2,8533,1
341,Action,87,8.8,48521,0
342,Romance,156,4.6,9211,1
343,Drama,151,6.2,38550,0
344,Romance,166,7,48347,1
345,Comedy,122,6.8,15147,0
346,Comedy,80,5.1,8184,1
347,Drama,130,8.7,21851,0
348,Action,103,7.7,16553,0
349,Comedy,178,8.6,20408,1
350,Thriller,103,8.7,39068,0
351,Comedy,96,8.1,30177,0
352,Comedy,84,6.4,43146,1
353,Action,99,7.4,34875,0
354,Romance,100,4.9,48670,0
355,Comedy,137,7.7,46197,1
356,Drama,110,5,24603,1
357,Romance,179,7.8,2879,1
358,Thriller,90,5.3,21404,1
359,Action,,4.6,,1
360,Thriller,94,4.9,39363,0
361,Romance,162,4,43055,1
362,Romance,86,8,42381,1
363,Romance,107,8,17500,1
364,Thriller,130,6.8,40215,1
365,Romance,137,4.9,14349,0
366,Thriller,84,4.5,47747,1
367,Romance,84,4.1,46925,1
368,Drama,173,4.9,44925,1
369,Romance,175,8.9,24700,0
370,Thriller,87,5.3,37806,0
371,Comedy,143,5.9,19322,0
372,Romance,89,4.6,33605,1
373,Comedy,117,5.2,39068,0
374,Drama,175,6.9,41239,0
375,Action,171,7.3,49483,1
376,Drama,160,5.3,41402,0
377,Romance,174,4.3,29248,1
378,Comedy,87,6.2,22402,1
379,Comedy,104,5.3,2723,1
380,Thriller,152,5.2,8746,1
381,Comedy,145,9.3,13643,1
382,Thriller,158,7.4,29060,1
383,Action,129,7.1,22885,0
384,Romance,146,6.3,12917,0
385,Thriller,128,6.4,31506,0
386,Action,115,7,,1
387,Comedy,147,7.8,23877,1
388,Comedy,157,7.9,21014,1
389,Action,120,4.9,29653,1
390,Comedy,168,6.8,23648,0
391,Action,141,6.3,37365,1
392,Thriller,89,8.8,40801,1
393,Thriller,,7.5,6827,0
394,Action,115,6.9,45024,1
395,Thriller,91,4.6,32527,0
396,Thriller,170,7.3,16792,1
397,Thriller,81,4.6,31725,1
398,Drama,92,5.9,25018,0
399,Romance,132,4.8,41495,1
400,Comedy,111,7.8,41236,1
401,Drama,174,5.1,49390,1
402,Thriller,95,6.2,49445,1
403,Action,111,8.9,15677,0
404,Thriller,111,5.1,19719,1
405,Romance,177,6.8,46340,1
406,Thriller,90,6.3,33810,1
407,Action,89,4.1,37488,0
408,Romance,94,8.4,16295,1
409,Thriller,96,4.4,27789,1
410,Romance,119,6.6,11254,0
411,Comedy,97,7.1,39221,1
412,Comedy,134,,29512,0
413,Thriller,152,7.8,21441,1
414,Romance,,5.4,32118,0
415,Action,138,4.1,9245,1
416,Thriller,157,8,42362,1
417,Comedy,168,6.9,,1
418,Comedy,101,8.6,22323,1
419,Thriller,109,8.5,2980,1
420,Romance,163,,21371,1
421,Comedy,164,6.7,33413,0
422,Romance,123,5.8,,0
423,Comedy,111,8.4,13404,1
424,Comedy,130,6.5,34795,0
425,Drama,125,5,,1
426,Comedy,,8.7,20636,1
427,Action,178,,30931,0
428,Thriller,111,6.6,49256,1
429,Thriller,,4.4,,1
430,Romance,118,6.1,22017,1
431,Comedy,91,8.4,,1
432,Action,126,9,15472,1
433,Romance,,,26038,0
434,Drama,100,,2763,1
435,Romance,92,8.8,47901,1
436,Romance,100,6.1,9565,1
437,Comedy,,7,3426,0
438,Drama,125,,3759,0
439,Romance,86,4.4,27694,1
440,Action,102,7.6,4863,1
441,Action,175,4.4,23221,1
442,Thriller,154,6.1,10928,1
443,Drama,165,8.4,47688,1
444,Drama,101,6.4,11321,1
445,Thriller,168,9.5,11311,0
446,Romance,101,7.1,13669,0
447,Drama,171,5.8,31458,0
448,Action,108,5.2,37960,1
449,Action,92,5.9,6122,1
450,Comedy,,6,45437,1
451,Drama,81,4.4,13615,1
452,Romance,108,6,6259,1
453,Thriller,164,6.6,46091,1
454,Thriller,158,8,41313,1
455,Romance,131,,21791,0
456,Comedy,,7.9,25004,0
457,Thriller,129,4,43890,1
458,Drama,174,5.2,3144,1
459,Comedy,158,7.6,9712,1
460,Drama,102,6.7,5736,1
461,Action,167,4,11693,1
462,Comedy,123,8.4,,0
463,Thriller,156,8.3,2992,0
464,Comedy,101,7,21772,0
465,Comedy,122,4.4,5912,1
466,Comedy,116,8.2,31185,0
467,Comedy,140,7.2,754,1
468,Drama,176,8.3,17243,1
469,Action,135,8.1,1898,1
470,Romance,82,8.4,38027,0
471,Comedy,142,6.8,29187,1
472,Thriller,98,4.8,11718,1
473,Comedy,102,7.7,8546,1
474,Thriller,108,7.4,21746,1
475,Drama,109,8.1,36691,0
476,Thriller,118,,48967,1
477,Romance,104,5.1,27300,1
478,Action,87,8.9,29671,1
479,Thriller,137,8.1,22638,1
480,Thriller,95,9,40655,1
481,Action,151,8.2,44064,0
482,Romance,80,7.3,21000,1
483,Comedy,84,7.6,22456,1
484,Thriller,82,8.9,23123,1
485,Action,144,7.2,39248,1
486,Drama,83,7.5,17492,1
487,Action,178,4.9,20798,1
488,Drama,175,6.6,42570,0
489,Romance,143,7.9,26635,1
490,Comedy,177,5.5,35550,1
491,Action,168,,33857,1
492,Thriller,89,5.7,12576,1
493,Romance,100,5.3,41314,1
494,Action,125,5.2,4811,0
495,Thriller,,6.3,6579,1
496,Action,106,9,31490,1
497,Drama,145,6.8,13261,1
498,Action,120,5,32252,1
499,Action,92,4.4,14735,1
500,Action,88,7.8,40943,0
501,Romance,115,6.1,30397,1
502,Action,165,8.5,20936,1
503,Thriller,169,7.6,24931,0
504,Drama,,8.4,1107,0
505,Drama,133,5.5,26431,1
506,Action,91,7.8,40556,0
507,Romance,160,5.5,10863,1
508,Romance,157,9.2,4008,0
509,Thriller,93,7.5,27673,0
510,Action,113,5.8,19287,1
511,Drama,132,5.5,12057,1
512,Romance,99,5.1,4479,1
513,Action,154,7.8,28059,1
514,Romance,95,5.2,16582,1
515,Romance,174,7.3,27205,1
516,Drama,149,5.5,977,1
517,Comedy,135,7.6,48453,1
518,Thriller,162,8.5,18352,0
519,Thriller,137,8.3,31434,0
520,Drama,83,8.2,19149,1
521,Romance,83,5,17872,1
522,Action,99,4.5,2737,0
523,Romance,89,7.8,7342,0
524,Drama,103,6,42125,0
525,Thriller,178,6.4,41481,1
526,Romance,105,4.2,35751,1
527,Thriller,116,5.4,34072,0
528,Action,164,4.2,17028,1
529,Thriller,133,8.8,28842,1
530,Thriller,100,5.3,11931,1
531,Comedy,153,7.1,48332,0
532,Comedy,117,4.2,19656,1
533,Comedy,125,7.7,25443,1
534,Thriller,83,5.8,22934,1
535,Drama,139,8.9,46862,0
536,Thriller,136,8.9,39388,1
537,Drama,124,5.8,33522,1
538,Drama,99,9,23305,1
539,Comedy,96,9.5,,0
540,Romance,150,8.5,8512,1
541,Action,83,8.6,3766,0
542,Comedy,172,5.4,37145,1
543,Comedy,93,7.2,20886,1
544,Romance,82,4.4,5615,1
545,Action,167,4.5,42073,1
546,Thriller,159,9.5,26727,1
547,Thriller,137,5.8,15298,1
548,Comedy,134,8.1,4085,1
549,Action,83,8.4,46003,0
550,Comedy,103,8.7,,1
551,Drama,113,9.5,29575,1
552,Comedy,109,5.3,40316,1
553,Comedy,161,4.2,19503,1
554,Thriller,98,6.3,3781,1
555,Thriller,110,4.7,26119,1
556,Thriller,139,4.1,27686,1
557,Drama,139,6,49824,1
558,Thriller,98,8.3,42392,1
559,Action,128,7.1,37621,1
560,Romance,142,5.7,39950,0
561,Action,162,7.6,36870,0
562,Action,101,5.3,5729,1
563,Thriller,103,4.1,27810,1
564,Romance,155,8.2,30428,1
565,Romance,109,7.4,12378,1
566,Romance,137,8.2,,0
567,Drama,110,4.2,34865,1
568,Thriller,179,8.6,9063,0
569,Romance,143,7.4,,0
570,Drama,98,7.1,37392,1
571,Comedy,127,7.4,25109,0
572,Comedy,124,8.8,27775,1
573,Drama,179,7.2,36275,1
574,Drama,173,7.2,6831,1
575,Thriller,134,9.4,40663,0
576,Thriller,134,8.2,,1
577,Comedy,176,6.4,19277,0
578,Romance,97,7.9,23818,1
579,Comedy,142,6.1,3011,1
580,Romance,171,5.3,18899,1
581,Romance,126,7.3,49502,0
582,Thriller,154,,15294,1
583,Action,136,9.1,5051,1
584,Action,124,5.9,40966,0
585,Drama,112,,28433,1
586,Thriller,96,5.2,21773,1
587,Romance,149,9.5,48985,0
588,Action,83,9.4,40970,0
589,Romance,99,7.6,5665,1
590,Action,126,8.4,22921,0
591,Action,170,7.9,25594,0
592,Action,94,7.3,34041,1
593,Thriller,149,4.3,8724,1
594,Comedy,126,6.5,47262,1
595,Romance,157,7.7,46124,1
596,Thriller,154,7.7,935,1
597,Thriller,88,6.1,18746,0
598,Thriller,169,9.2,11924,1
599,Thriller,95,4.9,37435,1
600,Thriller,148,6.8,3915,0
601,Drama,140,7.8,49498,1
602,Romance,89,7.8,2529,1
603,Thriller,129,7.6,42050,0
604,Romance,82,5.5,41986,0
605,Drama,156,4.9,44498,1
606,Drama,173,7.5,2707,1
607,Romance,149,7.3,25750,1
608,Action,160,5,38798,1
609,Comedy,130,7.9,32453,0
610,Action,98,6.5,36890,0
611,Action,121,7.7,12091,0
612,Action,114,8.6,21268,0
613,Thriller,125,4.9,31199,0
614,Drama,105,4.1,39485,1
615,Action,148,,36019,1
616,Drama,172,7.4,,1
617,Romance,143,7.8,5680,0
618,Comedy,116,8.6,7154,1
619,Romance,163,8.4,24190,1
620,Romance,128,9.3,40487,0
621,Thriller,100,6.9,15923,1
622,Comedy,153,,46115,1
623,Romance,143,6.2,37441,0
624,Romance,84,4.8,15439,1
625,Comedy,179,7.1,3591,0
626,Comedy,149,5.5,806,1
627,Romance,169,9.1,32057,1
628,Comedy,83,7.2,15828,1
629,Romance,118,7.3,7097,0
630,Romance,,6,38101,1
631,Thriller,80,,38623,1
632,Action,103,4.2,25263,1
633,Romance,136,6.3,17818,1
634,Drama,179,4.5,22072,1
635,Action,149,7.3,18331,1
636,Action,120,8.8,39719,1
637,Action,133,8.9,12226,1
638,Thriller,125,7.6,,1
639,Romance,139,5.2,40733,1
640,Thriller,139,8.7,12218,1
641,Romance,136,,3417,1
642,Thriller,110,5.1,45080,1
643,Thriller,163,8.1,44215,1
644,Drama,103,5.6,43258,1
645,Thriller,168,8.4,47731,0
646,Comedy,115,9.5,49416,1
647,Drama,164,4.2,39928,1
648,Thriller,109,8.9,15604,0
649,Action,103,7.4,3157,1
650,Comedy,109,9.4,26760,0
651,Comedy,165,6.6,37296,0
652,Comedy,171,8.7,502,0
653,Drama,86,4.3,8705,1
654,Thriller,114,,15861,1
655,Thriller,134,4.4,27143,1
656,Action,171,9.4,33735,1
657,Action,93,8.5,13879,1
658,Comedy,89,8.7,15255,1
659,Action,159,9.2,,1
660,Drama,95,4.5,33232,1
661,Thriller,133,6.1,23951,0
662,Comedy,174,4.4,15466,0
663,Action,168,5.2,28508,1
664,Drama,156,5.3,6671,1
665,Drama,149,6.6,49831,0
666,Action,123,5.5,14117,0
667,Thriller,152,4.6,39336,1
668,Action,124,4.9,4250,1
669,Comedy,179,4.8,45933,1
670,Action,135,9.4,19523,1
671,Drama,163,8.2,4237,1
672,Action,161,9.3,30092,1
673,Thriller,136,6.4,45104,1
674,Romance,100,5.5,29002,0
675,Action,147,8.4,49704,1
676,Thriller,129,5.8,45021,0
677,Thriller,112,5.6,13933,0
678,Drama,170,5.3,1481,1
679,Thriller,86,4.7,8254,1
680,Thriller,149,5.4,34335,1
681,Thriller,94,6,13539,0
682,Thriller,161,7.7,,1
683,Comedy,111,4.3,24056,1
684,Comedy,154,5.2,17364,1
685,Drama,99,8.4,44874,0
686,Action,167,4.8,3249,1
687,Thriller,94,5.9,24760,1
688,Action,127,8.8,40760,0
689,Action,150,4.9,20628,1
690,Drama,100,4.5,49004,1
691,Thriller,121,6.7,1268,0
692,Thriller,105,5.7,45224,0
693,Romance,93,7.1,35997,0
694,Action,136,8.4,15132,1
695,Action,116,4.8,35394,0
696,Comedy,137,7.2,43927,1
697,Romance,100,6.8,3616,1
698,Comedy,161,4.8,19851,1
699,Comedy,148,7.4,30473,0
700,Comedy,82,5.5,30370,0
701,Drama,166,6.7,10486,1
702,Drama,169,4.5,36423,1
703,Comedy,116,6.5,48880,1
704,Romance,167,5.7,14257,0
705,Action,128,8.5,37979,1
706,Romance,98,4.3,39620,1
707,Thriller,168,6.3,49697,0
708,Drama,,6.5,39232,1
709,Action,91,8,,1
710,Action,,,20500,0
711,Thriller,120,7.7,36743,1
712,Thriller,112,8.3,38365,1
713,Comedy,129,,16079,0
714,Drama,147,5.7,11629,1
715,Drama,150,7,16745,1
716,Romance,165,8.6,26524,1
717,Comedy,112,9.4,13482,0
718,Comedy,160,8.9,4125,1
719,Comedy,103,6,43326,1
720,Comedy,140,5.1,,1
721,Drama,140,6.7,4275,0
722,Drama,177,8.1,30619,1
723,Comedy,107,6.7,9274,1
724,Romance,137,6.7,3543,1
725,Action,122,8.6,21495,1
726,Action,120,6,10825,0
727,Romance,118,8.7,33561,0
728,Comedy,165,6.2,41215,1
729,Drama,128,5.8,44648,0
730,Action,96,6.5,31451,1
731,Thriller,177,8.2,18296,0
732,Thriller,149,4.7,46709,1
733,Romance,149,5.1,14354,1
734,Comedy,177,9.2,14121,1
735,Action,144,5,46236,1
736,Comedy,153,7.1,5824,0
737,Action,164,7.2,28790,1
738,Romance,,6.7,1507,0
739,Romance,81,7.5,8132,1
740,Thriller,101,5.3,47440,1
741,Comedy,136,7,17894,1
742,Thriller,145,6,19981,1
743,Comedy,153,7.6,20856,1
744,Thriller,177,4.8,40262,1
745,Drama,95,7.1,29516,1
746,Drama,130,5,49803,1
747,Drama,118,5.5,44454,0
748,Drama,165,5.2,25852,1
749,Action,155,5,13026,1
750,Drama,167,8.5,33865,0
751,Romance,119,5.6,14490,0
752,Romance,117,9.1,38967,0
753,Action,139,9.3,22039,1
754,Drama,138,7.1,27407,0
755,Drama,89,4.8,,0
756,Drama,178,6.1,28613,0
757,Thriller,143,8.4,24602,1
758,Comedy,142,6,30163,1
759,Thriller,128,4.5,22586,1
760,Comedy,143,7.1,46377,1
761,Drama,111,8.6,38358,1
762,Drama,86,8.4,31792,0
763,Thriller,100,5,38484,0
764,Thriller,99,7.7,16058,0
765,Comedy,105,5.2,35116,0
766,Romance,147,5.2,17332,1
767,Comedy,165,8.8,10848,1
768,Thriller,94,5.4,10614,1
769,Thriller,164,5.4,22838,1
770,Action,158,4,8795,1
771,Thriller,165,,8170,0
772,Action,171,,27865,0
773,Romance,93,7.5,41762,1
774,Comedy,,8.1,,1
775,Comedy,119,4.8,16798,0
776,Action,137,6.5,15223,1
777,Comedy,107,5.9,35244,1
778,Thriller,105,,25716,1
779,Drama,,6.7,37246,1
780,Action,145,9.1,11282,1
781,Comedy,104,4.2,24933,0
782,Action,82,5.6,33442,1
783,Action,151,5.1,31431,0
784,Drama,123,5.3,46198,1
785,Thriller,176,9,26228,1
786,Action,121,6.6,31656,1
787,Comedy,,6.6,22069,1
788,Romance,85,8.2,,1
789,Action,118,4.8,9049,1
790,Action,131,6.7,24618,1
791,Drama,102,6.4,5770,1
792,Thriller,168,7.3,24199,1
793,Romance,129,9.5,39435,0
794,Comedy,122,8.2,12816,1
795,Romance,98,6.2,,1
796,Comedy,148,8.6,7937,0
797,Thriller,,4.9,49455,0
798,Comedy,90,4.2,47399,1
799,Drama,91,5.1,19259,0
800,Drama,153,5.9,41366,1
801,Drama,87,6.8,,1
802,Drama,103,7.4,21660,1
803,Romance,171,9,17206,0
804,Thriller,120,6.8,46389,1
805,Comedy,115,6.8,8820,1
806,Comedy,164,4.3,37761,1
807,Drama,151,4.2,49595,1
808,Drama,,7,28462,1
809,Action,88,6.4,28358,1
810,Thriller,126,8.6,21882,1
811,Romance,94,4.9,41268,1
812,Comedy,127,4.1,21220,1
813,Action,161,6.5,19890,1
814,Action,121,5.3,28012,0
815,Comedy,139,4.3,47474,0
816,Romance,163,8,43007,1
817,Action,149,4.6,34912,1
818,Action,,7.3,49670,1
819,Thriller,81,5.5,36260,1
820,Romance,86,5,19256,0
821,Action,159,6.1,10772,1
822,Romance,82,,14544,0
823,Comedy,82,6.2,6884,1
824,Drama,106,8.1,18029,1
825,Action,119,4.7,1170,1
826,Thriller,112,8.3,23006,1
827,Comedy,171,5.3,34718,1
828,Romance,80,7.7,45258,1
829,Comedy,87,7.1,3039,0
830,Action,111,9.1,29941,0
831,Romance,127,6.1,42963,1
832,Drama,83,4.4,16401,1
833,Comedy,173,4.1,7294,1
834,Action,149,8.5,5951,1
835,Thriller,98,6.9,16478,1
836,Romance,111,8.3,778,1
837,Comedy,88,5.3,30740,1
838,Comedy,91,5.9,33856,0
839,Drama,90,4.2,29877,0
840,Drama,125,9.3,26283,1
841,Thriller,95,7.7,27545,0
842,Thriller,80,9.1,1602,0
843,Action,142,5.5,21765,0
844,Action,100,7.4,16298,1
845,Thriller,109,7.7,21511,1
846,Thriller,92,5.7,15967,1
847,Romance,113,8.7,14366,1
848,Drama,83,9.2,39522,1
849,Action,107,8.9,35308,1
850,Drama,174,8.1,43102,0
851,Drama,138,5.5,,0
852,Thriller,,5.5,7467,1
853,Romance,148,9.3,13590,1
854,Comedy,,4.1,35462,1
855,Romance,82,7.9,38385,1
856,Romance,176,7.9,9319,1
857,Drama,147,7.4,6410,0
858,Romance,104,9.4,36407,0
859,Action,99,5.7,29731,0
860,Drama,113,5.9,14844,0
861,Action,105,4.4,19967,1
862,Comedy,84,,18725,0
863,Drama,178,5.4,6478,0
864,Comedy,140,5.9,19249,1
865,Drama,171,8.6,42233,1
866,Thriller,172,9.1,11522,0
867,Romance,88,5,28026,0
868,Thriller,129,6,37779,1
869,Comedy,85,9.1,33271,1
870,Romance,162,4.3,13280,1
871,Drama,139,4.5,27401,1
872,Romance,123,4.9,37031,1
873,Action,90,7.3,24114,1
874,Romance,145,4.8,49339,1
875,Action,126,9.3,31036,1
876,Romance,152,6.5,14436,0
877,Action,164,6.8,22300,1
878,Comedy,,5.4,5570,1
879,Thriller,177,6.6,30959,0
880,Drama,165,7.6,15053,1
881,Romance,82,8.1,39144,0
882,Thriller,155,8.1,38607,1
883,Drama,,7.2,27533,1
884,Drama,109,9,26057,1
885,Action,169,8.5,,1
886,Comedy,100,8.2,21487,0
887,Comedy,107,4.3,47861,1
888,Thriller,169,4,31269,1
889,Comedy,141,5.2,45741,1
890,Romance,112,7.6,23090,1
891,Comedy,164,6.3,29761,1
892,Thriller,114,6.2,13519,1
893,Comedy,131,8.9,14557,0
894,Romance,113,8.9,2164,1
895,Action,120,9,,1
896,Thriller,130,5.7,10666,1
897,Action,126,7.8,33185,0
898,Action,161,5.5,31628,0
899,Action,137,5,6230,1
900,Drama,154,5,40287,1
901,Drama,136,5.9,2142,1
902,Action,102,6.4,4698,1
903,Thriller,127,,43082,1
904,Romance,101,4.7,32986,1
905,Romance,96,,33577,0
906,Comedy,148,6.9,48725,1
907,Thriller,90,,28816,0
908,Drama,173,6.7,12701,1
909,Action,94,5.6,36118,1
910,Comedy,170,7.3,8161,1
911,Romance,114,6.4,8709,1
912,Drama,112,4.9,35471,1
913,Drama,163,4.6,44914,1
914,Action,95,7,17585,0
915,Romance,113,9,20905,1
916,Thriller,145,5.9,7957,0
917,Drama,178,8,11720,1
918,Action,119,7.6,8277,0
919,Thriller,107,9.1,30211,0
920,Romance,126,8.5,,1
921,Drama,118,7.1,18745,1
922,Thriller,149,7.6,24505,1
923,Thriller,,8.9,11926,0
924,Thriller,99,6.2,13990,1
925,Drama,80,5.8,16992,0
926,Drama,151,4.1,46698,1
927,Comedy,166,8.5,9584,1
928,Romance,142,8.4,5595,1
929,Action,146,4.6,28581,1
930,Thriller,83,7.2,11367,1
931,Comedy,137,,40266,1
932,Action,104,4.7,6843,1
933,Comedy,126,9.4,38039,1
934,Drama,117,5.2,48873,1
935,Thriller,94,4.4,49576,0
936,Action,142,7.3,26669,1
937,Action,100,8.1,28652,1
938,Action,178,4.2,45872,1
939,Action,,7.6,43830,0
940,Action,132,6.9,29048,0
941,Comedy,125,4.6,10875,1
942,Thriller,93,4.9,3657,1
943,Drama,179,7.1,3687,0
944,Drama,155,5.6,16635,1
945,Drama,96,9.2,1054,1
946,Drama,118,8.5,46662,1
947,Comedy,88,9.4,23644,0
948,Romance,178,5.4,33555,0
949,Thriller,156,9.3,41369,1
950,Action,158,6.4,15238,0
951,Romance,161,5.9,42562,0
952,Drama,176,4.3,3227,1
953,Romance,85,4.3,23247,1
954,Thriller,170,7.8,45628,0
955,Action,102,6.5,11659,0
956,Action,138,5.2,47664,0
957,Thriller,170,7.4,3495,0
958,Thriller,177,,25489,1
959,Drama,125,7.2,945,1
960,Action,117,6,34032,1
961,Romance,93,8.5,45822,1
962,Comedy,,8.5,38772,1
963,Comedy,151,6.6,13831,0
964,Thriller,141,5.9,33222,1
965,Drama,114,6,35685,1
966,Comedy,98,8.4,3932,1
967,Action,109,5.8,32432,0
968,Thriller,157,5.1,12567,1
969,Romance,163,4.5,41125,1
970,Thriller,104,6.6,13207,1
971,Romance,119,6.7,12558,0
972,Thriller,167,8.6,28766,1
973,Thriller,93,5.2,43581,1
974,Thriller,105,6.1,2681,1
975,Romance,166,8.4,9682,1
976,Romance,101,8.5,8518,0
977,Thriller,127,6.1,28191,0
978,Comedy,162,6.5,29213,1
979,Drama,130,5.7,18927,1
980,Drama,82,9.1,14519,0
981,Drama,121,4.7,11914,1
982,Romance,98,9.1,33904,1
983,Romance,,7.8,10124,0
984,Comedy,107,6.9,43800,1
985,Drama,163,4.2,7535,1
986,Drama,124,6.6,1648,1
987,Thriller,150,6.2,5165,1
988,Romance,157,4.9,22980,1
989,Drama,142,7.6,3507,0
990,Comedy,152,9.3,33507,1
991,Comedy,98,7.1,33040,0
992,Drama,126,7.9,5766,1
993,Romance,93,4.4,37222,0
994,Comedy,117,6.3,25192,1
995,Thriller,132,4.6,10209,1
996,Comedy,140,,35754,1
997,Action,,9.2,35032,0
998,Action,119,7.6,26605,1
999,Romance,160,4.4,36813,1
1000,Drama,109,6,43269,1
1001,Romance,88,7,7846,0
1002,Romance,143,,,1
1003,Romance,112,8.6,40622,1
1004,Romance,131,8.5,,0
1005,Thriller,168,7.4,38053,1
1006,Thriller,93,,33961,1
1007,Comedy,154,5.4,3980,1
1008,Action,132,4.6,43554,1
1009,Romance,178,6,43639,1
1010,Comedy,138,6.3,43548,1
1011,Action,157,7.7,2885,1
1012,Drama,173,7.6,22549,1
1013,Thriller,120,4.4,14899,1
1014,Action,147,6.2,49148,1
1015,Drama,,5,39407,0
1016,Action,171,4.9,48884,1
1017,Thriller,87,8.6,47598,1
1018,Thriller,81,4.2,43433,0
1019,Comedy,165,6.3,40928,0
1020,Romance,120,4.9,4090,1
1021,Action,134,8.8,19173,1
1022,Action,95,7.1,36963,1
1023,Drama,172,5.3,,1
1024,Thriller,141,6.8,18359,0
1025,Action,127,8,19890,1
1026,Thriller,109,,10079,1
1027,Action,91,5.2,20416,1
1028,Comedy,114,8.9,26283,0
1029,Romance,90,9.1,28424,1
1030,Action,143,9,24724,0
1031,Thriller,129,7.5,38276,1
1032,Comedy,164,7.5,20345,1
1033,Action,100,6.2,46805,1
1034,Drama,148,8.1,23890,0
1035,Romance,127,6.9,26856,1
1036,Action,99,,2933,1
1037,Comedy,146,6.4,5385,1
1038,Drama,123,8,9689,1
1039,Comedy,112,8.5,47576,1
1040,Comedy,152,4.8,14216,1
1041,Drama,140,8.6,7745,1
1042,Comedy,88,7,44886,1
1043,Drama,147,8.6,,0
1044,Action,114,6.4,10989,1
1045,Drama,,6.1,30386,1
1046,Drama,177,9,37645,0
1047,Romance,167,5.4,16094,1
1048,Drama,175,8.6,35603,1
1049,Drama,144,,46479,1
1050,Action,,6.8,24762,1
1051,Romance,124,5.7,39236,0
1052,Thriller,,7.2,26739,1
1053,Action,126,,17305,0
1054,Action,119,4.2,33030,1
1055,Thriller,155,5.5,7877,0
1056,Drama,,4,28415,0
1057,Comedy,155,9.4,47717,1
1058,Romance,125,,27073,1
1059,Comedy,126,6.2,18416,1
1060,Thriller,94,8,27404,1
1061,Action,98,5.9,36403,0
1062,Action,105,7.7,30622,0
1063,Romance,131,8.4,22440,1
1064,Action,172,9.2,19930,0
1065,Action,,6.2,13503,1
1066,Romance,100,8.3,14616,1
1067,Romance,130,5.5,19191,1
1068,Thriller,117,9.4,8059,1
1069,Action,99,4.1,32032,1
1070,Action,108,7.3,30654,1
1071,Thriller,130,7.6,36801,0
1072,Drama,83,7.8,3485,0
1073,Drama,134,4.7,33790,1
1074,Drama,150,9.2,10467,1
1075,Thriller,171,5,46605,1
1076,Action,107,7.4,33432,1
1077,Thriller,83,5.2,19742,0
1078,Thriller,101,5.7,10889,1
1079,Drama,155,7,35368,1
1080,Comedy,124,6.3,21050,0
1081,Action,146,4.9,25663,1
1082,Drama,165,4.9,39749,0
1083,Comedy,145,6.3,36504,1
1084,Comedy,,8.2,33091,1
1085,Romance,113,8.9,39165,1
1086,Action,170,4.5,47763,1
1087,Comedy,134,6.2,450,1
1088,Drama,80,,18412,1
1089,Romance,151,4.1,24227,1
1090,Action,166,7.6,28953,1
1091,Thriller,117,7.3,37600,1
1092,Drama,85,4.9,33885,0
1093,Comedy,165,5.3,18710,1
1094,Comedy,104,4.1,23690,0
1095,Drama,161,8.6,29543,0
1096,Comedy,96,9.4,,1
1097,Romance,140,4.7,7270,1
1098,Action,91,5.3,,0
1099,Romance,85,8.8,6307,1
1100,Comedy,169,9.1,12416,1
1101,Thriller,106,6.3,35287,1
1102,Action,87,4.3,6340,0
1103,Action,162,4.2,1993,1
1104,Drama,144,7.2,13853,1
1105,Drama,136,6.2,38190,1
1106,Thriller,,4.2,11332,0
1107,Action,178,7.2,17609,0
1108,Thriller,119,4.1,3217,1
1109,Drama,93,8.3,37029,1
1110,Drama,114,5.7,48391,0
1111,Action,127,4.2,4142,0
1112,Romance,163,7.2,37301,1
1113,Comedy,135,6.2,26846,0
1114,Drama,128,9.4,14116,1
1115,Drama,92,7,25122,0
1116,Romance,140,5.5,35526,0
1117,Romance,128,7.9,,1
1118,Thriller,125,5.5,,1
1119,Thriller,141,9,35812,1
1120,Comedy,87,6.1,40078,1
1121,Comedy,122,7,8887,1
1122,Action,99,4.3,2086,1
1123,Thriller,176,6.3,11042,0
1124,Drama,169,8.6,17558,1
1125,Thriller,118,8.4,12261,1
1126,Drama,164,5.2,20789,1
1127,Romance,128,5.2,29263,0
1128,Thriller,143,,35875,1
1129,Romance,141,9.1,33837,1
1130,Comedy,133,4.5,8872,1
1131,Comedy,88,6.5,35692,0
1132,Action,,5.9,1311,0
1133,Thriller,116,8.8,329,1
1134,Romance,128,4.5,48642,0
1135,Drama,120,5.2,14445,1
1136,Comedy,96,8.1,36053,1
1137,Comedy,167,4.3,31919,0
1138,Drama,100,,47879,1
1139,Romance,,6.4,16985,1
1140,Romance,138,5.8,26808,1
1141,Thriller,118,6.2,148,0
1142,Thriller,134,6.9,20050,0
1143,Action,120,4.9,15273,1
1144,Comedy,118,7.1,49638,0
1145,Thriller,92,8.4,33837,1
1146,Romance,143,8.2,28136,0
1147,Drama,90,4.8,47421,1
1148,Romance,98,4.8,5920,1
1149,Comedy,90,5.5,14392,1
1150,Romance,156,6,3152,0
1151,Action,125,6.2,44477,1
1152,Comedy,124,7.7,23881,0
1153,Drama,80,4.3,,1
1154,Action,119,4.2,2383,0
1155,Comedy,98,6.2,48253,1
1156,Drama,155,7.8,42667,1
1157,Action,151,5.1,15720,0
1158,Action,151,7.5,30561,1
1159,Comedy,140,5.4,20850,0
1160,Thriller,91,8.9,,1
1161,Action,140,8.9,23283,1
1162,Action,112,5.6,9572,1
1163,Drama,124,5.3,3827,1
1164,Romance,169,6.3,,0
1165,Comedy,171,5.3,25623,1
1166,Comedy,148,7.7,30866,0
1167,Thriller,87,,37826,1
1168,Thriller,104,7.7,624,1
1169,Comedy,170,,9179,1
1170,Thriller,125,6.2,8499,0
1171,Drama,166,4.9,27470,1
1172,Comedy,109,8.1,16632,1
1173,Thriller,126,6,16921,1
1174,Comedy,166,7.7,43262,0
1175,Romance,128,5.5,3849,0
1176,Action,126,4.4,11453,0
1177,Comedy,163,,46877,1
1178,Action,161,4.9,28577,0
1179,Thriller,97,9.4,24670,1
1180,Action,145,9.4,20937,0
1181,Comedy,147,8.4,11537,1
1182,Romance,173,7.6,,1
1183,Thriller,112,7.2,4651,1
1184,Comedy,115,8.8,2923,1
1185,Thriller,161,5.6,13016,0
1186,Drama,98,6.6,15267,0
1187,Action,107,7.4,41545,0
1188,Drama,119,6.3,47736,1
1189,Comedy,163,6.4,8491,1
1190,Romance,176,5.8,12758,1
1191,Thriller,155,7.1,29785,1
1192,Action,94,8.7,23480,1
1193,Thriller,120,5.1,42531,1
1194,Comedy,118,9.1,29019,1
1195,Thriller,81,7.8,2411,0
1196,Action,142,8.5,40093,1
1197,Comedy,,7.1,,1
1198,Thriller,,8.3,43138,1
1199,Romance,145,4.1,,1
1200,Comedy,130,8.5,49856,1
1201,Comedy,154,4.2,48833,0
1202,Romance,156,8.9,38653,1
1203,Drama,89,9.5,26093,1
1204,Action,93,5.6,30592,0
1205,Drama,161,5.2,21081,1
1206,Thriller,130,8.2,24243,1
1207,Romance,152,5.4,12167,1
1208,Drama,118,8.8,24016,0
1209,Comedy,107,4.6,41608,1
1210,Thriller,82,4.7,,1
1211,Thriller,163,9.4,3915,1
1212,Drama,149,7.7,31936,1
1213,Drama,106,8.7,37577,1
1214,Romance,,5.8,37375,1
1215,Action,172,7.7,39443,1
1216,Drama,117,7.3,4873,1
1217,Drama,82,7.3,12546,1
1218,Comedy,95,7.8,30833,0
1219,Thriller,173,7.2,10564,1
1220,Action,119,6.4,48732,1
1221,Comedy,81,5.5,21676,1
1222,Romance,160,8.2,3420,0
1223,Romance,120,5.2,10850,1
1224,Drama,91,7.8,37566,0
1225,Drama,114,5.3,26672,0
1226,Romance,144,7.4,18048,1
1227,Drama,134,8.1,38926,1
1228,Action,124,5.2,23615,1
1229,Drama,158,4.3,27967,0
1230,Thriller,169,,826,1
1231,Drama,164,7.3,25920,0
1232,Comedy,141,8.7,6797,1
1233,Action,128,4.2,44778,1
1234,Comedy,174,8,42125,1
1235,Comedy,104,5.9,13063,1
1236,Thriller,102,6.6,49534,0
1237,Action,103,9.1,1181,1
1238,Action,117,5.8,20369,0
1239,Action,107,6.6,10876,1
1240,Action,100,4.1,31916,1
1241,Action,133,4.4,14296,0
1242,Thriller,97,5.4,42212,1
1243,Drama,115,4.2,16058,1
1244,Comedy,178,7.5,23469,0
1245,Action,124,6.3,11789,0
1246,Drama,152,7,17431,0
1247,Drama,132,5,37628,1
1248,Comedy,109,5.6,13536,1
1249,Thriller,139,7.7,166,0
1250,Romance,177,9.3,30825,0
1251,Romance,111,4.3,25312,1
1252,Drama,146,8.9,33432,1
1253,Comedy,146,7.2,,1
1254,Romance,107,,13493,1
1255,Drama,,6.8,3770,0
1256,Thriller,158,4.4,25701,1
1257,Romance,120,4.5,2351,1
1258,Drama,142,7.3,45817,0
1259,Drama,102,,33672,1
1260,Action,154,9,27127,1
1261,Thriller,,6.2,31946,1
1262,Action,111,4.8,21115,0
1263,Comedy,136,7.9,9683,1
1264,Action,179,5.6,23204,1
1265,Action,112,6.9,12324,1
1266,Romance,103,7.8,38884,1
1267,Drama,118,,30936,0
1268,Thriller,113,8.4,29399,0
1269,Action,135,7.7,13136,1
1270,Thriller,107,7.7,20033,0
1271,Action,116,,12492,1
1272,Comedy,86,5.6,8038,1
1273,Action,147,4,4241,1
1274,Romance,116,5.5,23450,1
1275,Drama,135,5.2,9646,1
1276,Comedy,144,7.6,5435,0
1277,Action,144,7.5,5177,1
1278,Thriller,126,7.3,46115,1
1279,Comedy,99,4.1,5711,1
1280,Comedy,98,8,40957,0
1281,Action,108,5.8,35760,1
1282,Comedy,153,7.7,5677,0
1283,Thriller,139,7.1,20102,0
1284,Comedy,97,5.9,39551,0
1285,Thriller,171,4.7,34375,1
1286,Action,114,4.5,49203,0
1287,Drama,122,8.6,28747,0
1288,Comedy,174,9.1,34931,0
1289,Drama,170,7.6,34868,0
1290,Thriller,90,4.6,31062,1
1291,Comedy,128,6.2,48434,0
1292,Romance,117,8,29683,0
1293,Drama,143,8.3,,1
1294,Comedy,,4.7,15196,1
1295,Drama,87,4,36933,1
1296,Comedy,113,7.9,46958,1
1297,Action,127,6,27428,0
1298,Drama,135,5.4,24498,1
1299,Romance,155,4.1,17806,0
1300,Romance,144,7,22440,1
1301,Thriller,110,8.7,18925,1
1302,Comedy,83,9.3,17582,0
1303,Drama,129,7.1,9418,1
1304,Thriller,148,6.8,41356,1
1305,Drama,109,4.5,44109,1
1306,Comedy,,7,,1
1307,Romance,138,,15674,1
1308,Action,146,7.3,48170,0
1309,Romance,154,6.1,14750,0
1310,Thriller,124,5.3,,1
1311,Action,83,4.5,29030,1
1312,Thriller,105,5.7,20271,1
1313,Comedy,106,4.5,34964,1
1314,Action,125,5,11901,1
1315,Thriller,143,9.4,22472,1
1316,Comedy,170,6.4,16659,1
1317,Romance,130,6.9,,1
1318,Comedy,129,8.8,40037,1
1319,Drama,,9.5,13388,1
1320,Comedy,138,7.2,22498,1
1321,Comedy,94,8.5,10794,0
1322,Drama,109,5.8,12291,1
1323,Thriller,121,5.7,18151,1
1324,Thriller,116,6.2,10837,1
1325,Comedy,121,7.7,25351,1
1326,Drama,114,7.8,5247,1
1327,Drama,166,5.7,19743,0
1328,Romance,85,4.7,39067,1
1329,Thriller,147,7.5,33414,1
1330,Action,97,4.7,38099,1
1331,Thriller,152,7.2,40833,0
1332,Thriller,108,7.8,18567,1
1333,Romance,156,7.9,34908,1
1334,Action,138,8.1,1852,1
1335,Romance,126,8.8,1949,1
1336,Action,96,6.7,2742,1
1337,Comedy,175,8,1700,1
1338,Action,101,7.4,46819,1
1339,Romance,147,5,20886,1
1340,Thriller,148,4.1,44665,0
1341,Action,116,,20283,1
1342,Action,128,6.4,49870,1
1343,Drama,92,7.4,1232,1
1344,Thriller,113,8.7,38359,1
1345,Comedy,165,5.1,,0
1346,Romance,132,4.7,38663,0
1347,Comedy,166,9.3,26791,1
1348,Thriller,130,4.6,43399,0
1349,Action,82,6.6,11031,1
1350,Action,121,7.2,7733,1
1351,Thriller,177,7,37877,1
1352,Action,111,4.5,34981,0
1353,Action,,4.3,1144,0
1354,Action,164,4.6,46791,1
1355,Romance,125,7.2,35299,1
1356,Romance,100,,24463,1
1357,Drama,123,5.3,46794,1
1358,Comedy,90,7.5,1682,1
1359,Thriller,147,8.5,14474,1
1360,Thriller,80,4.2,1408,1
1361,Thriller,171,6.7,21401,1
1362,Drama,142,7.8,8893,0
1363,Romance,,5.4,1720,0
1364,Drama,,5.7,29983,1
1365,Thriller,92,7.4,37634,1
1366,Comedy,177,8.9,38060,0
1367,Action,90,8.5,39490,0
1368,Romance,179,7.2,6193,1
1369,Romance,130,8,49352,0
1370,Drama,96,6,22359,1
1371,Romance,178,7.5,20755,1
1372,Thriller,161,6.6,33105,1
1373,Thriller,165,5,31729,1
1374,Drama,103,7.9,23710,1
1375,Thriller,98,7.1,21702,1
1376,Comedy,116,6,20509,1
1377,Drama,164,9,11210,1
1378,Comedy,87,4.1,,1
1379,Action,107,5.7,35410,0
1380,Comedy,84,4.3,15382,0
1381,Action,96,8.2,10295,0
1382,Action,115,7.9,1637,0
1383,Comedy,98,5.8,17238,1
1384,Drama,143,7.7,44428,1
1385,Thriller,170,6.2,46302,1
1386,Thriller,177,8.2,40264,1
1387,Action,90,6.5,24307,1
1388,Action,133,6.3,20719,1
1389,Drama,124,9.1,,1
1390,Romance,126,5.4,24945,0
1391,Comedy,,4.7,24410,0
1392,Action,100,7.2,37999,1
1393,Thriller,90,9.3,30662,1
1394,Drama,171,6.1,28136,0
1395,Comedy,,4.3,8797,0
1396,Drama,160,5.9,,1
1397,Comedy,135,6.8,43139,0
1398,Comedy,99,4.9,3245,1
1399,Action,120,7.6,27918,1
1400,Drama,125,9.5,30644,1
1401,Drama,91,6.5,13200,1
1402,Thriller,149,6,20204,1
1403,Thriller,96,,4167,1
1404,Action,98,4.6,37063,1
1405,Action,105,8.9,30828,1
1406,Romance,127,6.3,32417,0
1407,Thriller,131,6.1,31516,1
1408,Comedy,175,7.6,42112,1
1409,Drama,149,6.4,40149,1
1410,Action,134,7.6,2609,1
1411,Drama,179,4.3,21500,1
1412,Drama,154,,48370,0
1413,Romance,,9.2,6633,1
1414,Thriller,141,7.6,49933,1
1415,Action,167,9.3,14770,1
1416,Drama,102,4.8,4032,1
1417,Action,,,47463,0
1418,Comedy,106,7.3,45909,1
1419,Romance,154,7.2,38428,0
1420,Comedy,143,6.2,36884,1
1421,Action,160,5.9,23823,1
1422,Action,130,4.7,819,0
1423,Thriller,132,6.2,174,1
1424,Drama,157,,26598,0
1425,Drama,170,8,31445,0
1426,Comedy,161,5.1,20641,1
1427,Romance,171,,46029,1
1428,Drama,130,7,35017,1
1429,Thriller,126,7.3,26128,1
1430,Comedy,83,8.8,29645,1
1431,Comedy,86,7.2,,1
1432,Thriller,114,5.9,31773,0
1433,Romance,127,8.4,31074,0
1434,Thriller,152,7,23197,1
1435,Romance,151,4.4,37075,1
1436,Thriller,124,7.1,27708,1
1437,Thriller,160,9,23625,1
1438,Action,160,6.2,15143,1
1439,Comedy,176,5.6,41946,0
1440,Thriller,175,4.8,,0
1441,Thriller,151,,36804,1
1442,Drama,98,,42175,1
1443,Comedy,142,7.3,37483,1
1444,Drama,117,4.4,29583,0
1445,Comedy,146,9.2,7365,1
1446,Drama,138,8.2,22863,0
1447,Thriller,148,7.2,10216,0
1448,Thriller,92,8.6,15833,1
1449,Action,126,4.4,46760,0
1450,Drama,140,6.6,25602,1
1451,Romance,110,7.5,,0
1452,Action,159,8.6,43341,1
1453,Drama,175,8.3,9347,1
1454,Drama,101,5.5,23940,1
1455,Action,172,9.2,21158,1
1456,Thriller,165,4.7,49793,0
1457,Drama,122,8.8,35029,1
1458,Thriller,146,9.3,18735,1
1459,Action,133,5,25728,0
1460,Thriller,89,,31462,1
1461,Comedy,121,4.2,21053,0
1462,Romance,143,6.2,19228,1
1463,Drama,100,6.8,,1
1464,Romance,159,7.2,12161,0
1465,Thriller,155,9.1,6141,1
1466,Drama,145,7.7,12773,1
1467,Thriller,120,6.6,21159,1
1468,Comedy,103,8.5,,1
1469,Action,114,9.2,44822,1
1470,Drama,135,4.1,17648,1
1471,Comedy,109,9.4,15178,1
1472,Comedy,136,4.5,5519,0
1473,Drama,173,8.5,35590,1
1474,Thriller,126,5.5,10650,1
1475,Comedy,114,4.7,49722,1
1476,Romance,98,6.4,30437,1
1477,Comedy,87,7.5,1568,1
1478,Thriller,105,6.1,24409,1
1479,Thriller,150,4.3,908,1
1480,Romance,109,7.3,24847,1
1481,Comedy,86,9,6819,1
1482,Thriller,146,6.1,16463,1
1483,Drama,144,5.2,28818,1
1484,Action,115,6.4,28901,1
1485,Action,104,4.3,43459,0
1486,Action,116,8.5,37941,1
1487,Comedy,80,8.5,8112,1
1488,Romance,94,7.2,18129,0
1489,Thriller,,5.9,46760,0
1490,Drama,92,8.4,41117,1
1491,Drama,,7.1,48015,1
1492,Comedy,84,8.5,867,1
1493,Action,139,7.5,3995,0
1494,Comedy,152,8.3,43068,0
1495,Romance,80,7.3,40197,1
1496,Romance,115,6.3,15432,1
1497,Thriller,114,9.3,14721,0
1498,Thriller,145,7,11434,1
1499,Romance,142,7.3,18274,1
1500,Romance,102,5.2,33753,0
1501,Romance,88,7.4,40602,0
1502,Comedy,113,7.1,36774,0
1503,Romance,125,5,37360,1
1504,Drama,157,4.3,42598,1
1505,Action,83,7.3,2173,1
1506,Romance,109,8.2,49564,1
1507,Action,174,6.9,6369,1
1508,Comedy,154,5.2,17294,1
1509,Action,178,7.7,26911,1
1510,Comedy,151,4.4,6941,0
1511,Drama,82,6.4,43823,1
1512,Comedy,93,4.9,34900,1
1513,Comedy,139,5,9799,1
1514,Thriller,156,5.1,45605,1
1515,Romance,124,,10862,0
1516,Romance,175,4.3,39997,1
1517,Drama,113,6.2,41656,1
1518,Drama,124,6.8,2247,1
1519,Romance,140,6.7,33483,1
1520,Thriller,162,6.1,33815,1
1521,Romance,,8.6,38545,1
1522,Thriller,145,4.8,40734,1
1523,Drama,119,6.8,2113,1
1524,Action,96,4.3,20181,1
1525,Drama,113,4.4,16974,1
1526,Drama,95,7.2,37855,1
1527,Comedy,139,,8833,1
1528,Comedy,145,8.8,9579,0
1529,Comedy,145,7.1,9925,0
1530,Comedy,169,9.3,21404,1
1531,Thriller,92,4.3,35794,1
1532,Romance,135,4.5,40150,1
1533,Action,110,4.2,15735,1
1534,Drama,113,5,48715,0
1535,Thriller,118,7,20860,1
1536,Action,146,7.6,9590,1
1537,Thriller,87,4.3,,1
1538,Thriller,166,,39854,1
1539,Drama,,,6962,1
1540,Romance,134,5.6,45027,0
1541,Comedy,106,4.4,4523,1
1542,Romance,172,4.9,10550,0
1543,Drama,132,,41027,1
1544,Drama,118,4.7,34941,1
1545,Drama,144,,22654,1
1546,Action,96,5.4,49953,1
1547,Romance,109,6,31926,1
1548,Romance,132,9.4,42979,1
1549,Thriller,92,7.8,6925,0
1550,Thriller,100,9.2,43520,1
1551,Thriller,98,4.8,,1
1552,Drama,132,6.1,24351,1
1553,Romance,98,7.1,20748,1
1554,Drama,136,4.4,40836,0
1555,Action,,4,24630,0
1556,Thriller,165,7.7,12616,1
1557,Drama,110,,47158,1
1558,Drama,160,6.3,40644,1
1559,Action,,6.7,8658,1
1560,Comedy,102,6.3,8819,0
1561,Romance,111,4.1,4986,1
1562,Comedy,141,5.8,28285,0
1563,Thriller,153,5,37487,1
1564,Drama,89,4.5,21675,0
1565,Action,179,9.3,46824,1
1566,Action,151,7.3,43213,0
1567,Romance,133,8,39743,1
1568,Comedy,131,5.7,10200,1
1569,Romance,99,6.2,7956,1
1570,Drama,111,5.3,38269,1
1571,Romance,93,4.5,28904,1
1572,Action,129,,35890,0
1573,Action,107,8.4,31088,1
1574,Thriller,132,7.7,44543,1
1575,Thriller,103,7,11012,0
1576,Drama,158,6.6,38606,0
1577,Comedy,101,9.1,47994,1
1578,Romance,109,4.4,22468,1
1579,Drama,142,5.5,1870,1
1580,Thriller,83,5.9,,1
1581,Romance,,8.3,10069,0
1582,Thriller,138,9.5,12504,0
1583,Romance,166,,9089,1
1584,Comedy,87,8.8,36083,0
1585,Drama,161,8.6,44848,1
1586,Romance,91,5.2,39562,1
1587,Action,110,6.2,19460,0
1588,Action,157,6.3,,1
1589,Romance,,9.4,26387,0
1590,Romance,161,5,43529,1
1591,Romance,177,8.4,34260,0
1592,Action,154,5.8,6889,1
1593,Action,155,8,27281,1
1594,Romance,128,6.3,,1
1595,Thriller,158,7.2,17161,1
1596,Thriller,136,8.6,205,0
1597,Comedy,174,8.4,44347,1
1598,Drama,172,8.8,21237,1
1599,Thriller,,4.3,34814,1
1600,Action,97,7.8,5644,0
1601,Thriller,175,4.8,13375,1
1602,Comedy,165,6.3,39853,0
1603,Comedy,117,7,,1
1604,Drama,160,6.2,19741,0
1605,Thriller,166,6.9,6313,1
1606,Action,167,9.5,14585,0
1607,Action,129,4.7,15705,1
1608,Romance,87,7.7,37737,1
1609,Action,120,6.2,20490,0
1610,Drama,85,4.7,9967,1
1611,Drama,148,4.9,4081,0
1612,Action,123,9.2,9593,1
1613,Action,143,8.8,5782,1
1614,Romance,108,9,5882,1
1615,Action,107,9.5,29899,1
1616,Romance,90,5.1,42005,0
1617,Romance,144,6,17084,1
1618,Action,98,,45880,0
1619,Comedy,88,6.7,22860,1
1620,Comedy,106,6.3,26093,1
1621,Romance,113,6,1624,1
1622,Action,123,7.3,49502,0
1623,Comedy,147,7.2,26220,1
1624,Action,179,4.9,178,1
1625,Action,161,6.6,35991,0
1626,Action,94,7,25573,1
1627,Thriller,130,7.1,39932,1
1628,Action,92,,45936,1
1629,Thriller,162,8.1,8517,1
1630,Romance,128,4.1,13462,1
1631,Comedy,149,6,1309,0
1632,Comedy,135,8.3,38021,1
1633,Comedy,155,,4998,0
1634,Comedy,130,5.4,18662,1
1635,Comedy,116,7.8,10971,1
1636,Comedy,96,7.1,7710,1
1637,Comedy,137,8.4,43945,1
1638,Romance,166,8,27482,0
1639,Action,169,7.4,15891,1
1640,Drama,108,6.7,35412,1
1641,Thriller,112,4.7,38390,0
1642,Drama,139,5.4,2470,1
1643,Drama,170,6.3,19765,1
1644,Action,168,7.3,4810,1
1645,Action,134,6.8,428,0
1646,Action,89,5.6,46551,1
1647,Comedy,,4,,0
1648,Romance,102,6.7,20712,0
1649,Comedy,164,5.6,45990,0
1650,Romance,100,8,6894,0
1651,Romance,92,4.1,32988,0
1652,Drama,112,7.2,6849,1
1653,Drama,103,9.2,46631,1
1654,Romance,90,5,20708,0
1655,Romance,96,6.6,15550,0
1656,Comedy,147,4.5,3775,1
1657,Comedy,126,7.4,18560,1
1658,Drama,104,7,38511,0
1659,Action,173,6.2,11660,0
1660,Romance,152,6.9,32563,0
1661,Comedy,100,8.9,31763,0
1662,Drama,163,5.1,,0
1663,Comedy,162,4.1,3270,1
1664,Romance,162,8.7,33223,0
1665,Romance,91,7.2,28910,1
1666,Thriller,116,8.9,9818,0
1667,Action,121,7.3,128,1
1668,Thriller,96,8.5,47699,1
1669,Drama,127,6.4,17497,1
1670,Comedy,107,8.1,43762,1
1671,Drama,120,9,41887,1
1672,Romance,178,7.1,45506,1
1673,Thriller,126,5,47757,1
1674,Thriller,97,5.5,2124,1
1675,Thriller,157,5.1,38707,1
1676,Drama,178,5.4,13603,1
1677,Romance,150,5.7,10403,1
1678,Comedy,92,7.1,17238,1
1679,Comedy,161,7.2,25445,0
1680,Drama,92,6.3,29605,0
1681,Thriller,179,,2006,1
1682,Action,110,4.4,40267,0
1683,Drama,81,4.5,8061,1
1684,Drama,95,4.9,26240,0
1685,Romance,88,6.8,12131,1
1686,Comedy,152,5.2,15228,1
1687,Drama,117,5.6,15763,1
1688,Drama,154,6.2,34328,1
1689,Thriller,133,8.5,15782,1
1690,Thriller,135,4.1,15293,1
1691,Action,165,7.6,28661,1
1692,Romance,176,7.7,43913,0
1693,Action,179,8.4,7866,1
1694,Thriller,166,9.1,29944,1
1695,Comedy,124,4.1,29532,1
1696,Thriller,113,4.8,29604,1
1697,Romance,88,8.9,37246,1
1698,Thriller,167,6.5,40397,0
1699,Romance,87,7.1,,0
1700,Romance,86,7.6,3171,1
1701,Romance,115,7.7,17039,1
1702,Romance,97,9.1,25031,1
1703,Romance,82,9.5,44560,0
1704,Comedy,107,8,1140,1
1705,Action,149,5.6,2786,1
1706,Drama,123,8.8,12766,1
1707,Action,100,4.3,35421,0
1708,Romance,107,5.3,1879,0
1709,Comedy,133,8.9,13286,0
1710,Thriller,133,5.4,16559,0
1711,Comedy,144,5.2,20810,0
1712,Romance,179,4.8,22319,0
1713,Comedy,100,8.7,5157,1
1714,Comedy,178,6.8,18833,1
1715,Romance,92,,19257,1
1716,Comedy,136,5.3,35130,0
1717,Drama,128,8.2,19713,1
1718,Drama,133,8.2,43176,1
1719,Comedy,89,5.7,49644,0
1720,Thriller,132,6.3,,1
1721,Romance,,5.2,20846,0
1722,Drama,126,9.4,5288,1
1723,Thriller,132,7.6,41670,1
1724,Comedy,153,9.1,29780,1
1725,Thriller,,5.7,,1
1726,Action,92,8.3,36866,1
1727,Drama,116,8.2,,1
1728,Comedy,103,7.8,36545,1
1729,Romance,81,9.3,5896,0
1730,Comedy,165,6.2,47318,0
1731,Romance,160,4.7,39231,1
1732,Comedy,179,7.7,8223,1
1733,Thriller,93,8,8322,1
1734,Thriller,89,7.2,24174,0
1735,Thriller,114,5.1,46522,1
1736,Action,104,6.8,29925,0
1737,Romance,82,5.7,36939,1
1738,Thriller,96,6.4,41676,1
1739,Action,91,7.5,2886,1
1740,Romance,,8.1,33738,0
1741,Comedy,103,5.3,37064,1
1742,Action,108,6.2,,1
1743,Drama,122,5.5,26088,1
1744,Action,104,5.1,35607,1
1745,Action,179,8.3,33808,1
1746,Romance,139,9,33208,1
1747,Comedy,169,6,29815,1
1748,Drama,144,8.1,23906,0
1749,Thriller,163,8.9,37001,1
1750,Thriller,107,8.7,17143,1
1751,Action,95,5,10325,0
1752,Romance,,9.3,9852,0
1753,Romance,160,6.1,3557,1
1754,Thriller,171,5.9,42716,0
1755,Drama,,4.3,9341,1
1756,Comedy,155,6.7,553,0
1757,Drama,106,4.6,9996,1
1758,Comedy,132,5.4,21926,1
1759,Thriller,121,5.7,11076,1
1760,Comedy,138,8.4,48740,1
1761,Romance,126,8.8,33686,1
1762,Action,173,5.7,4968,1
1763,Action,,8.7,16496,0
1764,Thriller,116,8.7,31734,0
1765,Romance,85,8.2,12271,0
1766,Drama,86,4.8,24211,1
1767,Romance,175,7.8,33788,0
1768,Action,175,9.2,21404,0
1769,Action,104,7.8,42374,1
1770,Romance,112,5.8,39343,1
1771,Romance,134,6.8,28353,1
1772,Action,137,7.6,31080,0
1773,Drama,86,6.8,2117,0
1774,Thriller,136,4.7,8057,1
1775,Thriller,91,5.7,49098,0
1776,Romance,95,8.4,42288,1
1777,Thriller,159,8.7,4892,1
1778,Action,122,4.8,13337,1
1779,Action,,9.2,16351,0
1780,Romance,156,5.8,19352,1
1781,Romance,86,7.6,10807,1
1782,Romance,179,8.1,34306,1
1783,Drama,130,8.5,28840,1
1784,Thriller,152,9.2,3643,0
1785,Romance,111,5.7,44235,0
1786,Comedy,154,8.7,48388,1
1787,Comedy,87,4.7,39211,1
1788,Action,176,7.9,35131,1
1789,Thriller,166,8.1,43029,1
1790,Romance,168,7.7,311,1
1791,Comedy,151,5.4,46677,1
1792,Thriller,124,8.8,39895,1
1793,Action,165,4.9,431,0
1794,Drama,138,4.3,23344,1
1795,Thriller,83,7.9,8269,0
1796,Thriller,146,6.6,22204,1
1797,Drama,108,8.7,42001,1
1798,Thriller,108,6.1,14691,1
1799,Action,177,4.9,31811,0
1800,Action,177,8.6,48993,1
1801,Drama,107,7,827,0
1802,Romance,156,5,21459,1
1803,Comedy,158,8,43922,0
1804,Romance,166,,36111,1
1805,Thriller,123,7.3,49900,1
1806,Comedy,169,6.5,37963,1
1807,Drama,83,8.6,46677,1
1808,Drama,169,8.6,23098,0
1809,Comedy,88,7.9,11029,0
1810,Action,84,4.6,14942,1
1811,Comedy,135,8.6,23619,1
1812,Thriller,175,7.7,17493,0
1813,Action,163,7.8,34418,1
1814,Drama,129,6,9095,1
1815,Comedy,154,8.8,28756,0
1816,Romance,94,8,48034,0
1817,Romance,111,4.6,40360,0
1818,Thriller,107,6.2,45369,1
1819,Romance,101,8.9,,1
1820,Comedy,96,4.3,28940,1
1821,Comedy,138,9.3,,1
1822,Romance,169,7.7,13365,0
1823,Comedy,150,7.5,5524,1
1824,Thriller,136,5.5,20725,1
1825,Action,105,5.4,14186,0
1826,Thriller,104,9.2,,1
1827,Thriller,89,5.6,36029,1
1828,Comedy,124,8.3,20639,1
1829,Action,162,6.2,25203,1
1830,Comedy,90,4.8,27974,0
1831,Drama,156,4.1,9315,0
1832,Comedy,132,7,39485,1
1833,Comedy,151,9.4,,0
1834,Comedy,147,6,12026,1
1835,Action,174,6,47960,1
1836,Comedy,,5.9,31601,1
1837,Action,154,6.9,29874,1
1838,Romance,144,6.4,25108,1
1839,Drama,128,8.8,49028,1
1840,Action,126,6.8,17660,1
1841,Romance,131,6.8,24440,0
1842,Action,167,4.8,25076,0
1843,Action,133,9.4,48506,1
1844,Drama,139,5.4,27726,0
1845,Thriller,136,4.4,32820,0
1846,Thriller,126,7.6,35101,0
1847,Action,110,7.3,4800,1
1848,Comedy,125,6.3,43895,1
1849,Romance,105,6.3,7960,0
1850,Comedy,84,8.3,7626,1
1851,Comedy,163,5.1,38427,1
1852,Action,131,8.5,39600,0
1853,Action,154,7.6,2613,1
1854,Action,133,6.3,,1
1855,Action,112,,14881,1
1856,Thriller,129,5.4,8010,1
1857,Action,117,8.1,15947,0
1858,Thriller,106,6.8,5749,1
1859,Thriller,177,5.8,9220,0
1860,Action,94,7.3,2051,1
1861,Drama,175,9.5,10265,1
1862,Romance,140,,14452,1
1863,Comedy,100,9.1,9846,0
1864,Thriller,125,5.9,43838,1
1865,Romance,148,4.3,29097,1
1866,Drama,85,5.1,42054,1
1867,Comedy,117,6.3,24283,1
1868,Comedy,141,5.2,8904,1
1869,Thriller,165,4,27269,1
1870,Action,141,9,695,1
1871,Drama,161,8.6,29692,1
1872,Thriller,157,8.1,40743,1
1873,Drama,153,4.9,20923,1
1874,Action,125,4.7,6072,0
1875,Action,92,4.4,15982,1
1876,Thriller,174,8,958,1
1877,Action,173,9.1,5619,0
1878,Romance,82,6.4,23869,1
1879,Comedy,173,4.7,25120,1
1880,Thriller,85,6.8,42848,1
1881,Drama,172,5.9,37185,1
1882,Romance,87,6.1,19938,0
1883,Thriller,123,7.4,45012,0
1884,Action,112,8,12979,1
1885,Action,160,4.6,33898,0
1886,Action,154,4.2,42355,0
1887,Action,156,9.5,24390,1
1888,Drama,129,5.3,46173,1
1889,Romance,90,4.3,10355,1
1890,Comedy,174,5,1547,1
1891,Drama,107,4.2,43105,0
1892,Drama,149,6.2,29295,0
1893,Comedy,120,,2950,1
1894,Comedy,95,5.9,28500,1
1895,Action,,6.4,12053,0
1896,Drama,178,7.7,40974,1
1897,Thriller,,6.8,23635,0
1898,Comedy,135,8.7,10100,1
1899,Comedy,143,8.8,9603,0
1900,Romance,138,4.1,15593,0
1901,Thriller,169,8.3,4155,0
1902,Thriller,,6.5,38270,1
1903,Comedy,155,9.4,32508,1
1904,Action,90,6.7,42149,1
1905,Romance,168,9.4,34540,1
1906,Thriller,97,8.2,28351,1
1907,Comedy,98,5.4,4632,0
1908,Thriller,166,,5024,1
1909,Romance,134,9.5,48137,1
1910,Romance,161,8.7,12646,1
1911,Drama,105,4.5,26679,0
1912,Comedy,85,7.9,6185,1
1913,Romance,83,5.9,12490,0
1914,Drama,108,4,13380,1
1915,Drama,138,6.2,24218,0
1916,Thriller,177,5.3,4964,1
1917,Thriller,96,8.5,42184,1
1918,Drama,,5.9,34089,1
1919,Thriller,159,8.6,35728,1
1920,Romance,145,4,26949,1
1921,Action,113,5.7,27666,1
1922,Romance,87,5.3,10802,1
1923,Drama,92,5.3,41296,1
1924,Drama,87,4.4,15485,1
1925,Romance,173,5,9436,0
1926,Thriller,175,7.1,31325,1
1927,Thriller,179,5.6,36121,1
1928,Drama,173,6.3,3882,1
1929,Comedy,144,6.1,,1
1930,Thriller,122,8.8,24194,1
1931,Romance,118,9,49211,0
1932,Thriller,160,6.7,23966,0
1933,Romance,138,5.8,19149,0
1934,Drama,163,4.6,42819,1
1935,Thriller,167,9.2,31092,1
1936,Romance,165,4.3,49137,1
1937,Drama,172,5.6,14667,1
1938,Comedy,165,5.6,44551,0
1939,Romance,123,5.8,3613,1
1940,Comedy,88,4.9,49747,1
1941,Comedy,116,8.3,13435,1
1942,Action,153,4.7,44240,1
1943,Thriller,115,7.5,38690,1
1944,Romance,171,4.7,14937,1
1945,Comedy,107,4.4,12222,1
1946,Action,121,9,,0
1947,Drama,122,5,31107,0
1948,Romance,164,8.5,41397,1
1949,Comedy,167,7,27784,1
1950,Thriller,121,4.4,26493,1
1951,Action,145,9.3,22854,1
1952,Comedy,134,5.4,20899,1
1953,Thriller,151,8.7,38827,0
1954,Comedy,127,4.9,,1
1955,Romance,170,8.7,6093,1
1956,Romance,101,4.1,30905,0
1957,Romance,106,6.8,28214,1
1958,Action,172,8.2,37889,1
1959,Romance,146,9.1,,1
1960,Thriller,92,9,,1
1961,Comedy,124,8.5,16238,1
1962,Drama,89,8.9,44627,1
1963,Thriller,179,5.1,,1
1964,Thriller,88,5.6,26823,1
1965,Romance,,5.6,12986,0
1966,Action,106,6.1,16879,1
1967,Comedy,113,6.2,28274,0
1968,Action,80,7,29186,0
1969,Comedy,111,4.9,17422,1
1970,Comedy,168,7.8,42696,0
1971,Action,172,4.9,35378,1
1972,Thriller,150,5.7,18133,0
1973,Comedy,146,6.8,20174,1
1974,Action,163,8.4,3535,0
1975,Comedy,99,8.1,36069,0
1976,Drama,173,,29042,0
1977,Thriller,114,,29159,1
1978,Romance,178,,48021,1
1979,Comedy,170,4.5,32926,0
1980,Drama,169,6.1,30397,1
1981,Romance,,6.3,43990,1
1982,Romance,96,4.2,21422,1
1983,Comedy,97,5.5,35839,1
1984,Action,124,9.3,9819,1
1985,Comedy,172,9.2,14117,0
1986,Drama,163,5.9,8414,1
1987,Romance,132,4.2,28395,1
1988,Comedy,170,5,9728,1
1989,Action,161,6.2,42222,0
1990,Comedy,147,9.2,11592,0
1991,Thriller,144,4.8,36213,1
1992,Action,80,8.2,15457,1
1993,Drama,137,4.6,33429,1
1994,Romance,105,9.4,20465,1
1995,Comedy,99,6.1,39129,0
1996,Action,166,8.3,1837,1
1997,Thriller,89,5.9,9196,1
1998,Action,,7.5,20038,1
1999,Thriller,154,5.1,,0
2000,Drama,120,4.8,27599,1
1891,Drama,107,4.2,43105,0
1406,Romance,127,6.3,32417,0
400,Comedy,111,7.8,41236,1
94,Drama,102,8.6,,1
385,Thriller,128,6.4,31506,0
1453,Drama,175,8.3,9347,1
151,Action,159,,10781,1
908,Drama,173,6.7,12701,1
1698,Thriller,167,6.5,40397,0
1379,Action,107,5.7,35410,0
1228,Action,124,5.2,23615,1
1190,Romance,176,5.8,12758,1
861,Action,105,4.4,19967,1
618,Comedy,116,8.6,7154,1
1357,Drama,123,5.3,46794,1
196,Drama,91,5.5,47994,0
480,Thriller,95,9,40655,1
1785,Romance,111,5.7,44235,0
417,Comedy,168,6.9,,1
1191,Thriller,155,7.1,29785,1
343,Drama,151,6.2,38550,0
1983,Comedy,97,5.5,35839,1
1799,Action,177,4.9,31811,0
1569,Romance,99,6.2,7956,1
1778,Action,122,4.8,13337,1
1199,Romance,145,4.1,,1
1290,Thriller,90,4.6,31062,1
1212,Drama,149,7.7,31936,1
347,Drama,130,8.7,21851,0
332,Comedy,166,8.6,12473,1
1329,Thriller,147,7.5,33414,1
507,Romance,160,5.5,10863,1
771,Thriller,165,,8170,0
807,Drama,151,4.2,49595,1
1333,Romance,156,7.9,34908,1
1189,Comedy,163,6.4,8491,1
270,Romance,89,7.7,45789,1
1946,Action,121,9,,0
547,Thriller,137,5.8,15298,1
1104,Drama,144,7.2,13853,1
929,Action,146,4.6,28581,1
1440,Thriller,175,4.8,,0
1912,Comedy,85,7.9,6185,1
414,Romance,,5.4,32118,0
1856,Thriller,129,5.4,8010,1
1149,Comedy,90,5.5,14392,1
1639,Action,169,7.4,15891,1
101,Romance,163,8.7,,0
825,Action,119,4.7,1170,1
43,Romance,139,4.2,26736,1
519,Thriller,137,8.3,31434,0
1762,Action,173,5.7,4968,1
1596,Thriller,136,8.6,205,0
1721,Romance,,5.2,20846,0
860,Drama,113,5.9,14844,0
1229,Drama,158,4.3,27967,0
1648,Romance,102,6.7,20712,0
272,Action,137,9.2,46836,0
1397,Comedy,135,6.8,43139,0
714,Drama,147,5.7,11629,1
1013,Thriller,120,4.4,14899,1
1656,Comedy,147,4.5,3775,1
1268,Thriller,113,8.4,29399,0
893,Comedy,131,8.9,14557,0
37,Drama,176,7.6,3665,0
1378,Comedy,87,4.1,,1
666,Action,123,5.5,14117,0
541,Action,83,8.6,3766,0
1088,Drama,80,,18412,1
907,Thriller,90,,28816,0
1588,Action,157,6.3,,1
1643,Drama,170,6.3,19765,1
1545,Drama,144,,22654,1
590,Action,126,8.4,22921,0
1326,Drama,114,7.8,5247,1
345,Comedy,122,6.8,15147,0
1305,Drama,109,4.5,44109,1
11,Romance,81,8.2,42819,1
5,Thriller,89,5.6,3214,0
1387,Action,90,6.5,24307,1
1927,Thriller,179,5.6,36121,1
296,Thriller,131,7.9,39852,1
1113,Comedy,135,6.2,26846,0
1435,Romance,151,4.4,37075,1
211,Drama,122,9.3,2931,1
535,Drama,139,8.9,46862,0
470,Romance,82,8.4,38027,0
3,Drama,111,5,26755,0
2000,Drama,120,4.8,27599,1
193,Romance,147,5.5,27469,1
1390,Romance,126,5.4,24945,0
1095,Drama,161,8.6,29543,0
1576,Drama,158,6.6,38606,0
252,Romance,142,7.2,21001,0
1335,Romance,126,8.8,1949,1
607,Romance,149,7.3,25750,1
90,Drama,163,6.8,33424,1
1015,Drama,,5,39407,0
409,Thriller,96,4.4,27789,1
1586,Romance,91,5.2,39562,1
